feature,gain,splits,gain_pct
DG,1539.4613911323468,372,0.985299398738348
ED,1471.610276938096,279,0.941872741594223
EV,1395.970879437693,319,0.8934613599854516
PP,1338.6232859184383,256,0.8567572570186011
CG,1092.9401023291866,281,0.699512980244269
LL,1072.4828214113513,368,0.6864197343179529
GP,1069.9486122508388,343,0.6847977678454494
YD,1031.254555679683,210,0.6600324629836858
IE,1001.233844282724,283,0.6408183475407747
YG,999.0199343801214,278,0.6394013817704993
NG,965.440867948375,254,0.6179098171518771
GE,930.8545981328352,305,0.5957736135093891
EI,870.5674125217483,302,0.5571880873790203
EL,851.9727306808927,326,0.5452869582288765
DL,839.5285660644004,331,0.5373223363260095
VG,829.654821127886,296,0.531002856665602
GG,826.4373155883804,380,0.5289435609328391
AG,822.9259246727015,272,0.5266961701389661
GK,815.6982395874584,282,0.5220702445978767
VI,804.9677810558642,301,0.5152024436901905
IG,778.3651529164345,339,0.49817599946649993
RG,777.9577528739464,286,0.49791525176654355
PL,772.5210295996512,313,0.4944355930988262
SG,771.792021985777,344,0.4939690073385314
WG,762.1436391894822,244,0.48779376590490625
SR,753.607482881227,266,0.48233038129097067
CP,749.3918364702258,211,0.47963224680187005
NM,748.2963226273132,156,0.47893108655391
FG,745.7430878696468,302,0.47729694315410953
GT,744.0141474108241,294,0.4761903717231239
GF,740.7046895589883,281,0.47407222387586595
GV,735.2357921787625,300,0.47057197285850544
GA,723.7987508054648,326,0.4632519386872249
VV,721.5915401766833,313,0.46183926064414155
VR,705.8379304301052,247,0.451756499036301
FW,676.3065897123888,158,0.4328555948494796
LD,666.0860038635874,275,0.4263141270675754
GN,661.0271873528181,267,0.4230763395562418
ST,654.3819793085568,235,0.41882321601042427
RF,653.3312138217443,218,0.4181506959924914
PG,652.5673187067587,263,0.4176617812318939
VL,647.8033652075392,339,0.4146127144963223
VP,646.0435031406232,236,0.4134863523501958
GD,641.9709218586213,327,0.4108797836427351
EA,641.820195886612,257,0.4107833147020715
PR,641.606486754652,250,0.41064653473445556
LG,638.3328873144055,310,0.4085513372980245
SS,636.212423653953,243,0.4071941798001326
TL,633.5535982976508,318,0.4054924553918394
LF,629.3664824807638,240,0.4028125813004262
CT,621.7920170949656,197,0.39796470643108506
FD,609.5302150646312,239,0.39011680180838415
GS,609.4636570835137,254,0.3900742027934598
LP,608.0819331525054,267,0.38918985988867055
AV,606.2134843978274,252,0.3879939991511671
HH,600.045234176403,180,0.3840461422776883
IP,599.8547832891927,275,0.38392424825310384
VE,598.9234356017259,216,0.3833281590482928
KA,594.5784820743429,223,0.38054726429982
GI,591.0355460119026,293,0.378279683708193
FA,590.0368278043316,224,0.37764047544022533
DE,585.8713003712473,313,0.3749744185329929
YP,581.3326289379911,257,0.3720695387743853
TG,572.649017828473,210,0.36651177886278885
DA,571.4843662139028,225,0.365766368460043
HG,566.2079369169114,252,0.36238930253051876
RR,565.9931049693987,233,0.36225180392877837
PH,561.8026968379272,201,0.3595698226617001
GL,560.9806544493622,270,0.35904369197998504
TT,558.6417890798966,249,0.3575467511307122
AL,555.0047338206641,259,0.3552189315564493
FY,554.8613605119608,196,0.35512716853096893
IL,551.8229901299346,271,0.3531825244315461
DP,551.2754935276462,240,0.35283211091929206
TN,544.7917015629355,178,0.34868229828925595
FE,542.9367458964698,214,0.3474950735148103
IK,539.8932915633486,161,0.34554717554102204
DR,538.8243497774529,219,0.3448630221708913
TC,535.5356274135702,189,0.3427581456300334
NR,527.2318867863214,235,0.3374435137110806
SA,527.0403325226507,235,0.3373209134939477
AS,525.1013795095059,274,0.3360799280109482
CL,521.0545383811113,159,0.33348983373929914
HS,514.1490417752066,195,0.3290701180562816
FL,513.9886914819654,228,0.328967489274275
MP,512.2717640170013,165,0.3278686065035534
AE,512.1062545984387,218,0.32776267573352263
LV,501.58665977505734,300,0.32102983364072757
AK,498.72492366761435,204,0.3191982405379364
TA,497.37573475374666,241,0.3183347209763055
DI,496.9918505327223,210,0.3180890240758576
KG,496.9840782314459,252,0.31808404958034986
LS,495.4251848094573,286,0.31708631312509994
KR,492.77440361674235,240,0.31538973721198277
SM,485.16063044095426,176,0.31051670423080735
FP,483.02124745806213,223,0.3091474378244805
WT,480.58595571340993,114,0.3075887813322944
LT,480.18323808822606,267,0.3073310305135726
RS,474.8525706077198,247,0.3039192505925747
TD,474.0668331978086,215,0.3034163561374027
PV,473.0595395496348,237,0.3027716593417471
GC,473.00383753087954,190,0.30273600845377796
FV,470.14420866999717,196,0.30090576404916203
VN,467.85151098239294,175,0.29943837183906985
KI,463.2877261024987,201,0.29651741875506726
ET,460.7743321672315,188,0.29490877462311543
GQ,459.9968394663156,223,0.29441115701792664
PI,459.6458483058086,202,0.29418651261865686
DY,458.8444737541431,206,0.29367360994472913
QL,458.0896662681771,211,0.29319051152708164
HP,452.6461231178255,244,0.28970648794328613
CN,452.0511564773042,166,0.2893256922464588
DF,450.59736854989023,232,0.2883952263192033
EF,450.3127500927076,207,0.28821306235176164
KS,448.3806973596802,197,0.28697649324574304
GR,447.7987827852339,224,0.2866040512451695
RN,445.94382085507095,217,0.28541682246177813
RY,445.44592689553974,177,0.28509815606209615
WL,444.1987948353635,169,0.28429995581094525
MG,444.0414057075832,199,0.2841992222596765
GY,441.7138349691959,239,0.2827095102979058
LA,439.8835590645176,230,0.28153808127812485
SF,438.7091195785033,183,0.2807864063572142
DH,438.7009620820172,183,0.2807811853257357
NT,438.0190826295002,171,0.28034476293901844
AA,437.7976788150554,208,0.28020305815414537
LE,437.6660358516965,261,0.2801188028857815
QD,437.66038212779677,163,0.28011518434049604
VH,434.38863630764536,192,0.2780211732740355
QT,434.0792311731493,183,0.27782314512292916
NA,434.0041931572923,228,0.2777751186428029
IR,433.30956187950505,171,0.2773305347225493
PC,433.196770703129,132,0.277258345137993
PF,433.0765242719208,188,0.2771813839767373
EE,431.0530775599327,196,0.27588632010557745
HA,431.05033278721385,209,0.2758845633723946
AC,430.4534157815506,164,0.27550251938599485
RL,428.6686071216973,226,0.27436019070562245
SV,426.97463776812947,226,0.27327600178398676
WD,423.6904405116511,152,0.2711740214415203
LW,423.3707455776748,161,0.27096940752392484
MA,422.10958335886244,190,0.27016222756925684
KH,417.6004231184488,165,0.2672762358196187
NV,413.5475629273278,203,0.26468228917536746
KK,412.42243992118165,182,0.2639621782145806
AW,411.5014589968778,158,0.2633727240352208
RA,408.86206880409554,222,0.2616834386884338
MM,404.8619526941329,148,0.2591232497673393
TP,403.8241687956761,198,0.25845903833790046
RQ,402.78650760880555,172,0.2577949054473928
VK,402.50360828505654,198,0.25761384177460506
DS,402.4014170070295,190,0.2575484364286988
RK,401.2321106028976,216,0.25680004682726515
YL,400.898865584968,227,0.2565867604677046
TY,399.3871804589289,192,0.2556192386744673
GH,398.50981044155196,226,0.2550576967250737
QS,396.02361731781275,143,0.25346646189185335
SQ,396.00475793518126,182,0.2534543913466131
HL,395.18476132319483,237,0.2529295700205235
AI,390.7985528628051,213,0.25012227093289635
AD,390.58454081317177,197,0.24998529708929035
RT,388.7306477090606,174,0.24879875238519591
PS,388.09945694258204,177,0.2483947722098678
QR,387.13187059000484,155,0.2477754892210814
AR,386.90960516693303,188,0.24763323298200032
RP,386.89857421739,192,0.24762617285823568
KM,386.30812797627004,110,0.24724827034654304
HT,384.7907416608941,144,0.2462770996287805
FH,384.49943363445345,142,0.2460906541453452
EH,384.45432711712783,181,0.24606178468187173
PT,383.56595222561737,222,0.24549319929772276
HM,383.3806536125485,163,0.245374602876211
HN,382.87907471397193,147,0.24505357800995967
RE,382.6581989503029,179,0.24491221119271273
NS,380.3163262604503,158,0.2434133455722269
LI,379.6135747318913,254,0.24296356445881923
PD,377.7552339693648,205,0.24177417312590535
NK,376.77545672561973,125,0.24114708761747997
VC,376.3993868796679,136,0.24090639214097473
DQ,376.362111890543,148,0.2408825350799375
VQ,376.33809013071004,158,0.2408671604653766
PA,376.0677635061147,203,0.24069414368027825
IA,375.58357612081454,213,0.2403842498808228
MI,375.41741586106946,158,0.24027790255378748
YE,374.67253015885944,148,0.2398011543620212
LM,373.33244681629003,180,0.23894346262691266
SH,373.16225768961885,178,0.23883453670961013
LQ,369.4252291769226,192,0.23644273138871194
DD,367.86853477577097,183,0.23544640236980366
LR,367.1033940221969,234,0.23495669036481975
KF,366.660176805628,171,0.23467301864722337
DW,366.22542809677543,125,0.23439476701720385
WA,366.2066367060761,144,0.2343827399887482
LY,364.78527955034224,212,0.23347303068456948
SP,364.6347119580023,228,0.23337666311143215
DV,362.52514534271904,215,0.23202648003466905
VA,358.7518561798788,215,0.2296114668587441
FF,357.65984159744403,161,0.2289125462377501
HQ,354.59552571712993,123,0.22695129627603652
TR,354.1050530047505,184,0.22663737968716413
TS,352.5710867156449,173,0.22565559731116772
EP,352.1551377826836,221,0.22538937807636691
TI,351.85752894014877,231,0.22519889989010133
KP,350.64048660278786,207,0.2244199579236784
YQ,349.39643155859085,142,0.22362372705091638
PE,348.02183270987007,206,0.22274394440293793
SI,346.17211917228997,154,0.2215600747411757
AP,345.5904547100654,187,0.22118779281959028
NE,344.08001893234905,183,0.22022107064507562
KL,343.9610302826186,192,0.22014491450000342
LN,340.7100419372873,166,0.21806418881216777
TE,340.1155187553941,199,0.21768367694156832
YV,339.86993396654725,164,0.21752649564024834
PY,339.2044220286771,181,0.2171005489318646
AM,337.9404972270713,160,0.21629160084505572
CR,333.7471024483093,127,0.21360770803813858
SL,333.0013207469019,184,0.21313038638121398
WY,326.0222869410645,88,0.20866360478326287
KE,325.35067607287783,152,0.20823375458473092
AH,325.02539889511536,163,0.2080255678711707
GW,323.4013268732524,149,0.20698611524451385
YA,321.48926103458507,202,0.20576233832354715
CI,320.3918242168147,137,0.20505994731658134
LH,319.8665145835548,209,0.20472373410020328
IT,318.70002934144577,183,0.20397715012329573
VT,317.59730546353967,199,0.203271375246359
EG,315.51439417278743,174,0.20193825234102006
VF,315.31800573183864,182,0.2018125581119211
TH,313.1527778421878,162,0.20042675022476433
ID,313.0228933143371,191,0.20034362040550818
YY,310.8543087579892,129,0.19895566415549062
SC,310.607342693198,135,0.1987975987979901
VM,305.82728873824817,149,0.1957382273094433
IV,304.9284541015513,217,0.195162947388684
EQ,304.6688992596755,189,0.19499682485315764
RI,302.4766285517835,226,0.19359370878749985
AN,301.95360209017235,176,0.19325895686639408
QI,300.71911601333704,165,0.19246885040691214
MD,300.3624564103229,164,0.1922405780420264
EY,298.9794066526447,172,0.19135538657018103
NP,298.64145035576075,156,0.1911390848571029
YT,298.17249506432563,194,0.19083894003414872
SK,297.9754805554476,174,0.19071284510363704
HR,296.9681932303938,165,0.19006815235495936
KD,296.7789106169803,195,0.18994700605907805
HI,295.819952613092,147,0.1893332454606707
QE,295.5877696349489,179,0.18918464170218774
MN,295.11522943293676,149,0.18888220243374995
VD,293.949757041235,202,0.1881362667101231
ER,293.4994399673669,181,0.18784805088043122
KV,293.22844344208715,177,0.18767460533970096
ND,289.309568593133,168,0.18516641315336413
FK,287.3483443842706,153,0.18391117346699443
DT,286.2673026851844,183,0.1832192758057369
VS,284.97183447208226,194,0.18239013903179332
SY,284.2460074835981,184,0.18192558896287897
SD,282.86172086707666,172,0.18103960586593565
TV,282.28362344764173,194,0.18066960695393797
PQ,278.6849325763469,162,0.17836634168716575
RV,278.0052234427785,206,0.17793130836675924
YN,276.62053671639296,145,0.177045069188039
NI,275.86910655981046,150,0.17656413235796364
AY,275.2694684427406,171,0.17618034678229882
QK,275.22086630512786,147,0.17614924002168558
SW,275.03377835525316,137,0.1760294983733503
GM,273.5816493893217,152,0.17510009422897588
HV,271.52713463619875,158,0.17378514592133296
QV,270.7406101913366,159,0.17328174774124241
MV,269.81323155161226,149,0.17268819884070707
HK,268.4556560207566,138,0.1718193116039118
QP,268.0447153848945,151,0.1715562978227515
PK,267.4239373342134,160,0.17115898208387728
ES,266.64337813232487,179,0.1706594018302051
SN,263.49898154567927,162,0.16864689792197912
DN,262.86642291012686,146,0.16824204227125175
CA,262.5799253093428,144,0.16805867559806428
YH,261.89399972480896,179,0.16761966357092709
FI,259.65807055163896,160,0.16618860483659567
MK,253.60956368024927,128,0.16231738713800728
KT,253.35064003309526,119,0.16215166858518776
HC,253.33166575917858,108,0.1621395245062331
HE,252.52812536510464,172,0.1616252356311086
IF,250.45851607466466,131,0.16030062638709638
EK,249.94886508298805,145,0.15997443514998064
QW,249.81718534673564,94,0.15989015634591133
YM,249.7531458484591,129,0.15984916923216438
CS,246.82181265868712,124,0.15797303200259757
TM,246.43586841829529,151,0.15772601663073113
PM,245.02597495593363,137,0.15682364441876662
DK,244.1305593879515,159,0.15625055279994737
NQ,242.55992027116008,140,0.15524529876348778
YS,241.38067755909287,150,0.15449054964028192
WR,240.48219934478402,109,0.15391549784006311
AT,240.22187765673152,217,0.1537488845010121
DC,238.87338389732759,115,0.15288580985815547
KQ,238.81348556633748,137,0.15284747321012393
TF,238.7853080064524,138,0.15282943876445831
FS,238.69787415069004,179,0.15277347859162888
CW,238.66742292721756,72,0.15275398893612266
AF,238.38955292411265,163,0.15257614417264645
FC,238.04763476666994,117,0.15235730675529607
QG,237.8728274454479,155,0.15224542506116118
RD,234.90870260326483,167,0.15034830023450985
QM,234.7780077002244,110,0.15026465175191348
FT,234.61905929123168,141,0.1501629202159925
EN,234.15105758678692,166,0.1498633857160342
WF,233.1326806000434,85,0.14921159526613578
RW,231.9107502687839,105,0.1484295248435677
IC,230.63703362832894,125,0.14761430969934106
NW,229.1656443412503,101,0.14667257839758865
QF,228.27077092585387,136,0.14609983377195795
NL,227.83118964763707,160,0.14581848915908327
QA,227.46793668810278,162,0.14558599685711276
NH,227.22595015907427,140,0.1454311185451733
MT,226.37303583988978,133,0.14488522894332387
KC,225.822359809943,103,0.14453278050627208
MY,220.2464626277797,104,0.14096404654992953
PN,218.15662727618474,173,0.13962649204726407
CD,217.58365405345103,118,0.13925977276797288
AQ,214.63486933767854,155,0.13737246606174727
MS,213.53127576661063,133,0.13666613455626866
WP,212.62490587419597,129,0.13608603185595097
WS,211.3533399316948,94,0.13527219322003622
IM,211.23840876907343,106,0.13519863398296836
QN,210.78667134194984,124,0.1349095090864972
VW,210.7022849030909,87,0.13485549934780008
LK,210.2404457514931,159,0.13455990905823234
YK,208.0631183265359,124,0.13316635712180552
WK,207.7031905560725,128,0.1329359930361132
HD,207.64926875504898,142,0.1329014815384989
EC,204.8176504409057,92,0.1310891646863499
WI,202.465031972446,95,0.12958342145966914
WN,202.3227213221253,86,0.1294923385660008
EW,201.34913555864478,111,0.12886921578234203
FQ,200.54666567631648,125,0.12835561206540688
KN,197.97691383273923,134,0.12671089725737847
YF,196.85295200103428,153,0.12599152948150383
RC,195.79109051573323,97,0.12531190770661738
CC,195.17328986199573,81,0.124916497587095
MF,194.13725850755873,118,0.12425340783604252
VY,192.76240201605833,141,0.12337346028930317
RM,191.34470957587473,125,0.1224660965080775
KY,190.32267116289586,154,0.12181196264048184
TW,189.16391970275436,83,0.12107032850562068
RH,188.45965255287592,148,0.1206195773511432
DM,188.1227906224085,143,0.12040397606392726
IY,188.12088650936494,134,0.12040275737702302
MC,187.5754250693135,96,0.12005364642691188
IN,186.72133117803605,141,0.11950700186512604
FM,186.5325810200302,85,0.11938619635596147
II,186.2241564950673,162,0.11918879582305263
FN,185.8459649689612,134,0.11894674241045863
ML,185.55940816319344,173,0.11876333784438525
YI,184.8775765342798,133,0.11832694606614438
KW,184.81991692824522,85,0.118290042266228
YR,177.58443121053278,124,0.11365912409685568
IQ,176.4133938186569,112,0.11290962661366988
MW,175.04218317288905,41,0.11203201251265957
CY,173.47292924951762,82,0.1110276450396771
IH,172.68366147752386,143,0.11052249105162092
LC,167.64221922669094,125,0.10729582356445122
HY,167.55395004269667,88,0.10723932875761966
HF,166.05964394260081,131,0.10628293003892719
CF,165.3541524518514,90,0.10583139527121267
NN,164.42709088273114,133,0.10523804930494862
EM,164.23900040087756,135,0.10511766600742245
WQ,163.3824068356771,100,0.1045694215827056
QY,159.8562476184452,85,0.10231257865269958
IS,157.3492268675327,146,0.10070801354133832
ME,157.3320417603245,143,0.10069701458033999
SE,156.11678261577617,134,0.09991921390840887
FR,155.8445318300801,157,0.09974496560507527
YC,149.07057705859188,65,0.09540944046500094
NF,148.047700222407,140,0.09475476998253107
MR,142.34048710466595,108,0.09110199006497455
QH,140.43830310722115,94,0.08988453780552327
CV,140.40855602850206,96,0.08986549882283429
CK,138.73840167550952,79,0.08879655218391054
NC,138.27340433257632,104,0.08849894056140015
PW,136.507006180007,109,0.08736839513318456
WV,134.70236021780875,90,0.08621337001093603
CQ,134.40985721594188,100,0.08602615970898972
QQ,130.0283025786921,108,0.08322183920151277
WH,128.33712670835666,68,0.08213943818918426
NY,123.12712254631333,95,0.07880488624922966
TK,121.44814564278931,97,0.0777302929251834
CE,120.8361955009168,72,0.07733862730088259
TQ,115.97852211112513,92,0.07422957715009675
MQ,112.39624654079671,85,0.07193681814627173
MH,102.3153045643121,65,0.06548472644370526
IW,100.68265043781139,50,0.06443978102418707
QC,97.41128444444621,82,0.062346013057752454
WE,91.65340990317054,79,0.05866080837759037
YW,91.44120498400298,97,0.05852499114926006
CM,89.0626006955863,59,0.05700261625326507
WC,84.70867351675406,30,0.054215978110753085
WM,83.52068668825086,63,0.053455632502493106
CH,78.07778088422492,71,0.049972016838607206
HW,74.40299685840728,49,0.04762004977273089
WW,68.44065177586162,60,0.04380397808769716
