,position_1,position_2
G,7.9806300289242325,9.495498282438424
E,6.30076356554546,5.267178764500707
D,6.1232969785424345,5.970510396378039
V,5.947264218330595,5.563357545691309
L,5.942784243898768,6.8726963792579445
P,5.840013526839446,6.768652331785898
S,5.36164411153024,4.789812041452205
A,5.278410807628453,5.765371094952114
F,5.0663829491324,4.413141374143106
R,4.983428122707296,5.275564359187743
T,4.8166783484155,5.251346034593031
I,4.52963883511923,5.029893535318855
Y,4.5086813035746305,3.785818519936677
N,4.475201853340712,4.029426876150054
K,4.467439728993792,4.145821846804052
H,4.3004971665776734,4.000588853612702
C,4.027415593128934,3.306626153038394
Q,3.481772111390263,3.454505363117247
M,3.324597939012917,3.704961598492889
W,3.243458567367006,3.109228649148594
