tag,split,accuracy,balanced_accuracy,precision_macro,recall_macro,macro_f1,f1_weighted,mcc,auprc_macro,has_score,argmax_ok,sum_dev
base_lgbm,val,0.5533,0.4432,0.6754,0.4432,0.4818,0.5335,0.3919,0.5724,True,False,1e-07
base_lgbm,test,0.5767,0.4753,0.6951,0.4753,0.517,0.5624,0.4257,0.602,True,False,1e-07
base_rf,val,0.508,0.3616,0.7689,0.3616,0.3918,0.4615,0.3295,0.5398,True,False,1e-07
base_rf,test,0.5247,0.382,0.7952,0.382,0.4195,0.4816,0.3595,0.5623,True,False,1e-07
base_svm,val,0.5613,0.4889,0.6095,0.4889,0.521,0.5532,0.4103,0.5827,True,False,1e-07
base_svm,test,0.6247,0.5491,0.6726,0.5491,0.582,0.6176,0.4971,0.6322,True,False,1e-07
ensemble_hard,val,0.5527,0.4347,0.7056,0.4347,0.4782,0.5296,0.392,,False,,-
ensemble_hard,test,0.5947,0.4824,0.7379,0.4824,0.532,0.5772,0.4542,,False,,-
ensemble_soft,val,0.568,0.4585,0.6975,0.4585,0.5014,0.5485,0.413,0.6078,True,False,1e-07
ensemble_soft,test,0.6087,0.5015,0.7271,0.5015,0.5482,0.5935,0.4714,0.6469,True,False,1e-07
ensemble_stack,val,0.5687,0.5572,0.5435,0.5572,0.544,0.5722,0.4488,0.6125,True,False,1e-07
ensemble_stack,test,0.6087,0.5965,0.5649,0.5965,0.575,0.6113,0.5016,0.657,True,False,1e-07
lgbm_dipeptide,val,0.6333,0.5207,0.7457,0.5207,0.5751,0.6189,0.505,0.6815,True,False,1e-07
lgbm_dipeptide,test,0.6447,0.5408,0.7706,0.5408,0.5971,0.6328,0.5213,0.7076,True,False,1e-07
rf_aac,val,0.5053,0.3863,0.5624,0.3863,0.4165,0.4808,0.3216,0.4695,True,False,1e-07
rf_aac,test,0.532,0.4074,0.6312,0.4074,0.4414,0.5039,0.3603,0.4962,True,False,1e-07
svm_svd,val,0.5613,0.4889,0.6095,0.4889,0.521,0.5532,0.4103,0.4907,True,False,1e-07
svm_svd,test,0.6247,0.5491,0.6726,0.5491,0.582,0.6176,0.4971,0.5401,True,False,1e-07
